{
  "constants": {
    "phi": 1.618033988749895,
    "E_coh_eV": 0.0901699,
    "tau0_fs": 7.33,
    "lambda_rec_m": "1.616e-35",
    "alpha": {
      "seed": 138.230076758,
      "f_gap": 1.19737744,
      "delta_kappa": -0.003299762049,
      "inverse": 137.03599908
    }
  }
}
