{
  "constants": {
    "phi": 1.618033988749895,
    "E_coh_eV": 0.09016994374947422,
    "tau0_fs": 7.299682457120812,
    "lambda_rec_m": "1.616e-35",
    "lambda_IR_um": 13.75005830595552,
    "lambda_eff_um": 2.1883897464397277,
    "alpha": {
      "seed": 138.230076758,
      "f_gap": 1.19737744,
      "delta_kappa": -0.003299762049,
      "inverse": 137.03599908
    }
  }
}
