{
  "meta": {
    "phi": 1.618033988749895,
    "E_coh_eV": 0.09016994374947422,
    "tau0_fs": 7.33
  },
  "leptons_ratios": {
    "mu_over_e": 206.772097,
    "tau_over_mu": 16.818047,
    "tau_over_e": 3477.584758
  },
  "neutrinos": {
    "ordering": "NO",
    "m1_eV": 0.0020832,
    "m2_eV": 0.0090225,
    "m3_eV": 0.049427,
    "sum_eV": 0.06053,
    "m_beta_eV": 0.00846
  },
  "boson_ratios": {
    "Z_over_W": 1.1332824,
    "H_over_Z": 1.3721798
  },
  "anchored_absolutes": {
    "W_GeV": 80.379,
    "Z_GeV": 91.0921,
    "H_GeV": 124.9947
  },
  "quark_phi_fixed_ratios": {
    "s_over_d": 20.1695669,
    "b_over_s": 43.7291176,
    "b_over_d": 881.9961625,
    "c_over_u": 586.7231268,
    "t_over_c": 135.8306806,
    "t_over_u": 79695.5311281
  },
  "pdg": {
    "electron_mass_MeV": 0.51099895,
    "muon_mass_MeV": 105.6583755,
    "tau_mass_MeV": 1776.86
  }
}


